{"errors":[],"warnings":[],"namedChunkGroups":{"app":{"chunks":[16,5],"assets":["webpack-runtime-e54191f27d98061de4f8.js","webpack-runtime-e54191f27d98061de4f8.js.map","app-ba902ee39db942446c06.js","app-ba902ee39db942446c06.js.map"],"children":{},"childAssets":{}},"component---node-modules-gatsby-plugin-offline-app-shell-js":{"chunks":[6],"assets":["component---node-modules-gatsby-plugin-offline-app-shell-js-f5d6180f5413d4b73317.js","component---node-modules-gatsby-plugin-offline-app-shell-js-f5d6180f5413d4b73317.js.map"],"children":{},"childAssets":{}},"component---src-templates-blog-tag-js":{"chunks":[0,2,4,7],"assets":["0.31601a5654936065a4c4.css","0-6151a718f0e0ffe8c74f.js","0.31601a5654936065a4c4.css.map","0-6151a718f0e0ffe8c74f.js.map","2-9161d0d54200d22f97df.js","2-9161d0d54200d22f97df.js.map","4-bc61ed0056a7b88a18bb.js","4-bc61ed0056a7b88a18bb.js.map","component---src-templates-blog-tag-js-fc3101e322e5bbcb7e9e.js","component---src-templates-blog-tag-js-fc3101e322e5bbcb7e9e.js.map"],"children":{},"childAssets":{}},"component---src-templates-blog-category-js":{"chunks":[0,1,2,3,8],"assets":["0.31601a5654936065a4c4.css","0-6151a718f0e0ffe8c74f.js","0.31601a5654936065a4c4.css.map","0-6151a718f0e0ffe8c74f.js.map","1-2d4e82b698938fe60621.js","1-2d4e82b698938fe60621.js.map","2-9161d0d54200d22f97df.js","2-9161d0d54200d22f97df.js.map","3-aa3a75a7eb342a66782f.js","3-aa3a75a7eb342a66782f.js.map","component---src-templates-blog-category-js-c41dd586b4e003b5a845.js","component---src-templates-blog-category-js-c41dd586b4e003b5a845.js.map"],"children":{},"childAssets":{}},"component---src-templates-blog-post-js":{"chunks":[0,1,4,9],"assets":["0.31601a5654936065a4c4.css","0-6151a718f0e0ffe8c74f.js","0.31601a5654936065a4c4.css.map","0-6151a718f0e0ffe8c74f.js.map","1-2d4e82b698938fe60621.js","1-2d4e82b698938fe60621.js.map","4-bc61ed0056a7b88a18bb.js","4-bc61ed0056a7b88a18bb.js.map","component---src-templates-blog-post-js-07c95042a6dfe3cc626d.js","component---src-templates-blog-post-js-07c95042a6dfe3cc626d.js.map"],"children":{},"childAssets":{}},"component---src-templates-blog-series-js":{"chunks":[0,1,2,3,10],"assets":["0.31601a5654936065a4c4.css","0-6151a718f0e0ffe8c74f.js","0.31601a5654936065a4c4.css.map","0-6151a718f0e0ffe8c74f.js.map","1-2d4e82b698938fe60621.js","1-2d4e82b698938fe60621.js.map","2-9161d0d54200d22f97df.js","2-9161d0d54200d22f97df.js.map","3-aa3a75a7eb342a66782f.js","3-aa3a75a7eb342a66782f.js.map","component---src-templates-blog-series-js-b38ba3046d714623c5c9.js","component---src-templates-blog-series-js-b38ba3046d714623c5c9.js.map"],"children":{},"childAssets":{}},"component---src-pages-404-js":{"chunks":[11],"assets":["component---src-pages-404-js-a8204496585e59671ea4.js","component---src-pages-404-js-a8204496585e59671ea4.js.map"],"children":{},"childAssets":{}},"component---src-pages-about-js":{"chunks":[0,1,12],"assets":["0.31601a5654936065a4c4.css","0-6151a718f0e0ffe8c74f.js","0.31601a5654936065a4c4.css.map","0-6151a718f0e0ffe8c74f.js.map","1-2d4e82b698938fe60621.js","1-2d4e82b698938fe60621.js.map","component---src-pages-about-js-58d3265a971aa601aa37.js","component---src-pages-about-js-58d3265a971aa601aa37.js.map"],"children":{},"childAssets":{}},"component---src-pages-all-js":{"chunks":[0,1,2,3,13],"assets":["0.31601a5654936065a4c4.css","0-6151a718f0e0ffe8c74f.js","0.31601a5654936065a4c4.css.map","0-6151a718f0e0ffe8c74f.js.map","1-2d4e82b698938fe60621.js","1-2d4e82b698938fe60621.js.map","2-9161d0d54200d22f97df.js","2-9161d0d54200d22f97df.js.map","3-aa3a75a7eb342a66782f.js","3-aa3a75a7eb342a66782f.js.map","component---src-pages-all-js-40eb87f3aa0d168741d0.js","component---src-pages-all-js-40eb87f3aa0d168741d0.js.map"],"children":{},"childAssets":{}},"component---src-pages-index-js":{"chunks":[0,1,2,3,14],"assets":["0.31601a5654936065a4c4.css","0-6151a718f0e0ffe8c74f.js","0.31601a5654936065a4c4.css.map","0-6151a718f0e0ffe8c74f.js.map","1-2d4e82b698938fe60621.js","1-2d4e82b698938fe60621.js.map","2-9161d0d54200d22f97df.js","2-9161d0d54200d22f97df.js.map","3-aa3a75a7eb342a66782f.js","3-aa3a75a7eb342a66782f.js.map","component---src-pages-index-js-eb39c86dd9f192653f49.js","component---src-pages-index-js-eb39c86dd9f192653f49.js.map"],"children":{},"childAssets":{}}},"assetsByChunkName":{"app":["webpack-runtime-e54191f27d98061de4f8.js","app-ba902ee39db942446c06.js"],"component---node-modules-gatsby-plugin-offline-app-shell-js":["component---node-modules-gatsby-plugin-offline-app-shell-js-f5d6180f5413d4b73317.js"],"component---src-templates-blog-tag-js":["0.31601a5654936065a4c4.css","0-6151a718f0e0ffe8c74f.js","2-9161d0d54200d22f97df.js","4-bc61ed0056a7b88a18bb.js","component---src-templates-blog-tag-js-fc3101e322e5bbcb7e9e.js"],"component---src-templates-blog-category-js":["0.31601a5654936065a4c4.css","0-6151a718f0e0ffe8c74f.js","1-2d4e82b698938fe60621.js","2-9161d0d54200d22f97df.js","3-aa3a75a7eb342a66782f.js","component---src-templates-blog-category-js-c41dd586b4e003b5a845.js"],"component---src-templates-blog-post-js":["0.31601a5654936065a4c4.css","0-6151a718f0e0ffe8c74f.js","1-2d4e82b698938fe60621.js","4-bc61ed0056a7b88a18bb.js","component---src-templates-blog-post-js-07c95042a6dfe3cc626d.js"],"component---src-templates-blog-series-js":["0.31601a5654936065a4c4.css","0-6151a718f0e0ffe8c74f.js","1-2d4e82b698938fe60621.js","2-9161d0d54200d22f97df.js","3-aa3a75a7eb342a66782f.js","component---src-templates-blog-series-js-b38ba3046d714623c5c9.js"],"component---src-pages-404-js":["component---src-pages-404-js-a8204496585e59671ea4.js"],"component---src-pages-about-js":["0.31601a5654936065a4c4.css","0-6151a718f0e0ffe8c74f.js","1-2d4e82b698938fe60621.js","component---src-pages-about-js-58d3265a971aa601aa37.js"],"component---src-pages-all-js":["0.31601a5654936065a4c4.css","0-6151a718f0e0ffe8c74f.js","1-2d4e82b698938fe60621.js","2-9161d0d54200d22f97df.js","3-aa3a75a7eb342a66782f.js","component---src-pages-all-js-40eb87f3aa0d168741d0.js"],"component---src-pages-index-js":["0.31601a5654936065a4c4.css","0-6151a718f0e0ffe8c74f.js","1-2d4e82b698938fe60621.js","2-9161d0d54200d22f97df.js","3-aa3a75a7eb342a66782f.js","component---src-pages-index-js-eb39c86dd9f192653f49.js"]}}