{"errors":[],"warnings":[],"namedChunkGroups":{"app":{"chunks":[16,5],"assets":["webpack-runtime-1be2b7357c1cb0371345.js","webpack-runtime-1be2b7357c1cb0371345.js.map","app-a684e1aaa1b950f0a453.js","app-a684e1aaa1b950f0a453.js.map"],"children":{},"childAssets":{}},"component---node-modules-gatsby-plugin-offline-app-shell-js":{"chunks":[6],"assets":["component---node-modules-gatsby-plugin-offline-app-shell-js-f5d6180f5413d4b73317.js","component---node-modules-gatsby-plugin-offline-app-shell-js-f5d6180f5413d4b73317.js.map"],"children":{},"childAssets":{}},"component---src-templates-blog-tag-js":{"chunks":[0,2,4,7],"assets":["0.31601a5654936065a4c4.css","0-5df3ed88812a6132214c.js","0.31601a5654936065a4c4.css.map","0-5df3ed88812a6132214c.js.map","2-5b658bdc963f72f51d17.js","2-5b658bdc963f72f51d17.js.map","4-cbc6a6ed396557f817f7.js","4-cbc6a6ed396557f817f7.js.map","component---src-templates-blog-tag-js-2784059e2cd2658f5a3b.js","component---src-templates-blog-tag-js-2784059e2cd2658f5a3b.js.map"],"children":{},"childAssets":{}},"component---src-templates-blog-category-js":{"chunks":[0,1,2,3,8],"assets":["0.31601a5654936065a4c4.css","0-5df3ed88812a6132214c.js","0.31601a5654936065a4c4.css.map","0-5df3ed88812a6132214c.js.map","1-62be083bc2bd0604f416.js","1-62be083bc2bd0604f416.js.map","2-5b658bdc963f72f51d17.js","2-5b658bdc963f72f51d17.js.map","3-081f40018fbd6531fb9d.js","3-081f40018fbd6531fb9d.js.map","component---src-templates-blog-category-js-5cddbc09e027419f57cb.js","component---src-templates-blog-category-js-5cddbc09e027419f57cb.js.map"],"children":{},"childAssets":{}},"component---src-templates-blog-post-js":{"chunks":[0,1,4,9],"assets":["0.31601a5654936065a4c4.css","0-5df3ed88812a6132214c.js","0.31601a5654936065a4c4.css.map","0-5df3ed88812a6132214c.js.map","1-62be083bc2bd0604f416.js","1-62be083bc2bd0604f416.js.map","4-cbc6a6ed396557f817f7.js","4-cbc6a6ed396557f817f7.js.map","component---src-templates-blog-post-js-3411bff7c0b090fc9739.js","component---src-templates-blog-post-js-3411bff7c0b090fc9739.js.map"],"children":{},"childAssets":{}},"component---src-templates-blog-series-js":{"chunks":[0,1,2,3,10],"assets":["0.31601a5654936065a4c4.css","0-5df3ed88812a6132214c.js","0.31601a5654936065a4c4.css.map","0-5df3ed88812a6132214c.js.map","1-62be083bc2bd0604f416.js","1-62be083bc2bd0604f416.js.map","2-5b658bdc963f72f51d17.js","2-5b658bdc963f72f51d17.js.map","3-081f40018fbd6531fb9d.js","3-081f40018fbd6531fb9d.js.map","component---src-templates-blog-series-js-6e835df69d8a6c133f60.js","component---src-templates-blog-series-js-6e835df69d8a6c133f60.js.map"],"children":{},"childAssets":{}},"component---src-pages-404-js":{"chunks":[11],"assets":["component---src-pages-404-js-a8204496585e59671ea4.js","component---src-pages-404-js-a8204496585e59671ea4.js.map"],"children":{},"childAssets":{}},"component---src-pages-about-js":{"chunks":[0,1,12],"assets":["0.31601a5654936065a4c4.css","0-5df3ed88812a6132214c.js","0.31601a5654936065a4c4.css.map","0-5df3ed88812a6132214c.js.map","1-62be083bc2bd0604f416.js","1-62be083bc2bd0604f416.js.map","component---src-pages-about-js-729b69274bfc5cfaf87c.js","component---src-pages-about-js-729b69274bfc5cfaf87c.js.map"],"children":{},"childAssets":{}},"component---src-pages-all-js":{"chunks":[0,1,2,3,13],"assets":["0.31601a5654936065a4c4.css","0-5df3ed88812a6132214c.js","0.31601a5654936065a4c4.css.map","0-5df3ed88812a6132214c.js.map","1-62be083bc2bd0604f416.js","1-62be083bc2bd0604f416.js.map","2-5b658bdc963f72f51d17.js","2-5b658bdc963f72f51d17.js.map","3-081f40018fbd6531fb9d.js","3-081f40018fbd6531fb9d.js.map","component---src-pages-all-js-b33fa2b1297bc49b846f.js","component---src-pages-all-js-b33fa2b1297bc49b846f.js.map"],"children":{},"childAssets":{}},"component---src-pages-index-js":{"chunks":[0,1,2,3,14],"assets":["0.31601a5654936065a4c4.css","0-5df3ed88812a6132214c.js","0.31601a5654936065a4c4.css.map","0-5df3ed88812a6132214c.js.map","1-62be083bc2bd0604f416.js","1-62be083bc2bd0604f416.js.map","2-5b658bdc963f72f51d17.js","2-5b658bdc963f72f51d17.js.map","3-081f40018fbd6531fb9d.js","3-081f40018fbd6531fb9d.js.map","component---src-pages-index-js-e8dc411fd6f8530db3e3.js","component---src-pages-index-js-e8dc411fd6f8530db3e3.js.map"],"children":{},"childAssets":{}}},"assetsByChunkName":{"app":["webpack-runtime-1be2b7357c1cb0371345.js","app-a684e1aaa1b950f0a453.js"],"component---node-modules-gatsby-plugin-offline-app-shell-js":["component---node-modules-gatsby-plugin-offline-app-shell-js-f5d6180f5413d4b73317.js"],"component---src-templates-blog-tag-js":["0.31601a5654936065a4c4.css","0-5df3ed88812a6132214c.js","2-5b658bdc963f72f51d17.js","4-cbc6a6ed396557f817f7.js","component---src-templates-blog-tag-js-2784059e2cd2658f5a3b.js"],"component---src-templates-blog-category-js":["0.31601a5654936065a4c4.css","0-5df3ed88812a6132214c.js","1-62be083bc2bd0604f416.js","2-5b658bdc963f72f51d17.js","3-081f40018fbd6531fb9d.js","component---src-templates-blog-category-js-5cddbc09e027419f57cb.js"],"component---src-templates-blog-post-js":["0.31601a5654936065a4c4.css","0-5df3ed88812a6132214c.js","1-62be083bc2bd0604f416.js","4-cbc6a6ed396557f817f7.js","component---src-templates-blog-post-js-3411bff7c0b090fc9739.js"],"component---src-templates-blog-series-js":["0.31601a5654936065a4c4.css","0-5df3ed88812a6132214c.js","1-62be083bc2bd0604f416.js","2-5b658bdc963f72f51d17.js","3-081f40018fbd6531fb9d.js","component---src-templates-blog-series-js-6e835df69d8a6c133f60.js"],"component---src-pages-404-js":["component---src-pages-404-js-a8204496585e59671ea4.js"],"component---src-pages-about-js":["0.31601a5654936065a4c4.css","0-5df3ed88812a6132214c.js","1-62be083bc2bd0604f416.js","component---src-pages-about-js-729b69274bfc5cfaf87c.js"],"component---src-pages-all-js":["0.31601a5654936065a4c4.css","0-5df3ed88812a6132214c.js","1-62be083bc2bd0604f416.js","2-5b658bdc963f72f51d17.js","3-081f40018fbd6531fb9d.js","component---src-pages-all-js-b33fa2b1297bc49b846f.js"],"component---src-pages-index-js":["0.31601a5654936065a4c4.css","0-5df3ed88812a6132214c.js","1-62be083bc2bd0604f416.js","2-5b658bdc963f72f51d17.js","3-081f40018fbd6531fb9d.js","component---src-pages-index-js-e8dc411fd6f8530db3e3.js"]}}